sim_index,Alice_actual,Bob_actual,Red_expected,Blue_expected,Alice_to_Red,Alice_to_Blue,Bob_to_Red,Bob_to_Blue,Red_counted,Blue_counted,Alice_computed,Bob_computed,Alice_percent_error,Bob_percent_error,max_percent_error
0,65000,110000,74000,101000,52048,12952,22309,87691,74357,100643,65595,109405,0.9153846153846154,0.5409090909090909,0.9153846153846154
1,65000,110000,74000,101000,51997,13003,21991,88009,73988,101012,64980,110020,0.03076923076923077,0.01818181818181818,0.03076923076923077
2,65000,110000,74000,101000,52135,12865,22008,87992,74143,100857,65238,109762,0.36615384615384616,0.21636363636363637,0.36615384615384616
